{"stats":{"minecraft:used":{"minecraft:oak_log":1,"minecraft:wooden_pickaxe":4,"minecraft:stone":4},"minecraft:custom":{"minecraft:time_since_rest":6000,"minecraft:play_time":6000,"minecraft:sprint_one_cm":2190,"minecraft:damage_taken":40,"minecraft:walk_one_cm":7978,"minecraft:mob_kills":1,"minecraft:drop":1,"minecraft:jump":70,"minecraft:damage_dealt":60,"minecraft:time_since_death":6000,"minecraft:total_world_time":6000,"minecraft:fall_one_cm":2598,"minecraft:fly_one_cm":24257},"minecraft:killed":{"minecraft:sheep":1},"minecraft:dropped":{"minecraft:wheat_seeds":1},"minecraft:picked_up":{"minecraft:wheat_seeds":1,"minecraft:oak_log":1,"minecraft:mutton":1,"minecraft:white_wool":1,"minecraft:cobblestone":4},"minecraft:crafted":{"minecraft:oak_planks":4,"minecraft:crafting_table":1},"minecraft:mined":{"minecraft:oak_log":1,"minecraft:tall_grass":3,"minecraft:stone":4}},"DataVersion":3465}