{"stats":{"minecraft:used":{"minecraft:water_bucket":16,"minecraft:stone_pickaxe":43,"minecraft:shield":74,"minecraft:chest":2,"minecraft:wooden_pickaxe":32,"minecraft:stone":4,"minecraft:zombie_spawn_egg":227,"minecraft:rotten_flesh":6,"minecraft:golden_apple":1,"minecraft:dirt":26,"minecraft:mutton":1,"minecraft:crafting_table":1,"minecraft:granite":1,"minecraft:oak_log":1,"minecraft:grass_block":47,"minecraft:totem_of_undying":3,"minecraft:diamond_sword":156,"minecraft:bow":45,"minecraft:bucket":16,"minecraft:cooked_beef":8},"minecraft:dropped":{"minecraft:wheat_seeds":2,"minecraft:stone_sword":1,"minecraft:cooked_porkchop":4,"minecraft:barrier":1,"minecraft:chainmail_helmet":1,"minecraft:grass_block":1,"minecraft:chainmail_chestplate":1,"minecraft:wooden_axe":1,"minecraft:wooden_shovel":1,"minecraft:chainmail_boots":1,"minecraft:wooden_sword":1,"minecraft:wooden_pickaxe":1,"minecraft:chainmail_leggings":1},"minecraft:broken":{"minecraft:wooden_pickaxe":1},"minecraft:picked_up":{"minecraft:crafting_table":1,"minecraft:barrier":1,"minecraft:cooked_beef":56,"minecraft:water_bucket":1,"minecraft:diamond_sword":3,"minecraft:potato":4,"minecraft:oak_log":11,"minecraft:shield":1,"minecraft:gunpowder":2,"minecraft:dirt":26,"minecraft:raw_copper":2,"minecraft:bone":12,"minecraft:bow":11,"minecraft:wheat_seeds":4,"minecraft:diamond_leggings":3,"minecraft:iron_ingot":34,"minecraft:diamond_helmet":3,"minecraft:raw_iron":1,"minecraft:dandelion":4,"minecraft:grass_block":2,"minecraft:carrot":4,"minecraft:zombie_spawn_egg":1,"minecraft:rotten_flesh":123,"minecraft:stone_sword":1,"minecraft:diamond_shovel":2,"minecraft:arrow":70,"minecraft:diamond_chestplate":3,"minecraft:diamond":32,"minecraft:diamond_boots":3,"minecraft:granite":1,"minecraft:diamond_axe":2,"minecraft:golden_apple":67,"minecraft:totem_of_undying":3,"minecraft:gold_ingot":32,"minecraft:mutton":1,"minecraft:coal":19,"minecraft:ender_pearl":2,"minecraft:white_wool":1,"minecraft:cobblestone":22,"minecraft:diamond_pickaxe":2},"minecraft:killed_by":{"minecraft:player":1,"minecraft:skeleton":1,"minecraft:zombie":1},"minecraft:mined":{"minecraft:crafting_table":1,"minecraft:granite":1,"minecraft:tall_grass":11,"minecraft:iron_ore":1,"minecraft:grass":21,"minecraft:coal_ore":22,"minecraft:oak_log":6,"minecraft:stone":8,"minecraft:oak_leaves":3},"minecraft:custom":{"minecraft:mob_kills":105,"minecraft:interact_with_crafting_table":2,"minecraft:leave_game":21,"minecraft:time_since_death":6008,"minecraft:time_since_rest":6044,"minecraft:sprint_one_cm":103307,"minecraft:damage_absorbed":48,"minecraft:damage_taken":3199,"minecraft:walk_one_cm":206875,"minecraft:damage_blocked_by_shield":1970,"minecraft:drop":17,"minecraft:damage_dealt":11350,"minecraft:fly_one_cm":203141,"minecraft:open_chest":20,"minecraft:crouch_one_cm":1915,"minecraft:play_time":332297,"minecraft:deaths":4,"minecraft:sneak_time":435,"minecraft:walk_under_water_one_cm":137,"minecraft:jump":874,"minecraft:walk_on_water_one_cm":1942,"minecraft:total_world_time":332297,"minecraft:fall_one_cm":29096},"minecraft:killed":{"minecraft:spider":3,"minecraft:creeper":2,"minecraft:sheep":1,"minecraft:skeleton":9,"minecraft:zombie":50,"minecraft:enderman":1},"minecraft:crafted":{"minecraft:oak_planks":20,"minecraft:crafting_table":1,"minecraft:stick":12,"minecraft:stone_pickaxe":1}},"DataVersion":3465}