{"stats":{"minecraft:used":{"minecraft:water_bucket":30,"minecraft:stone_pickaxe":43,"minecraft:wooden_pickaxe":32,"minecraft:chest":2,"minecraft:shield":80,"minecraft:stone":4,"minecraft:zombie_spawn_egg":260,"minecraft:rotten_flesh":6,"minecraft:golden_apple":2,"minecraft:dirt":26,"minecraft:mutton":1,"minecraft:crafting_table":1,"minecraft:diamond_helmet":1,"minecraft:granite":1,"minecraft:oak_log":1,"minecraft:grass_block":54,"minecraft:totem_of_undying":8,"minecraft:diamond_sword":222,"minecraft:bow":92,"minecraft:bucket":28,"minecraft:cooked_beef":14},"minecraft:dropped":{"minecraft:wheat_seeds":2,"minecraft:stone_sword":1,"minecraft:cooked_porkchop":4,"minecraft:barrier":1,"minecraft:chainmail_helmet":1,"minecraft:grass_block":2,"minecraft:chainmail_chestplate":1,"minecraft:wooden_axe":1,"minecraft:chainmail_boots":1,"minecraft:diamond_helmet":1,"minecraft:wooden_shovel":1,"minecraft:wooden_sword":1,"minecraft:wooden_pickaxe":1,"minecraft:chainmail_leggings":1},"minecraft:broken":{"minecraft:wooden_pickaxe":1},"minecraft:picked_up":{"minecraft:crafting_table":1,"minecraft:barrier":1,"minecraft:cooked_beef":56,"minecraft:water_bucket":1,"minecraft:glow_ink_sac":3,"minecraft:diamond_sword":3,"minecraft:potato":4,"minecraft:oak_log":11,"minecraft:gunpowder":2,"minecraft:shield":1,"minecraft:string":2,"minecraft:dirt":26,"minecraft:raw_copper":2,"minecraft:bone":14,"minecraft:bow":11,"minecraft:wheat_seeds":4,"minecraft:diamond_leggings":3,"minecraft:iron_ingot":34,"minecraft:diamond_helmet":3,"minecraft:raw_iron":1,"minecraft:dandelion":4,"minecraft:grass_block":3,"minecraft:carrot":5,"minecraft:spider_eye":1,"minecraft:zombie_spawn_egg":1,"minecraft:stone_sword":1,"minecraft:diamond_shovel":2,"minecraft:arrow":70,"minecraft:rotten_flesh":155,"minecraft:diamond_chestplate":3,"minecraft:diamond":32,"minecraft:diamond_boots":3,"minecraft:granite":1,"minecraft:diamond_axe":2,"minecraft:golden_apple":67,"minecraft:totem_of_undying":3,"minecraft:gold_ingot":32,"minecraft:mutton":1,"minecraft:coal":19,"minecraft:diamond_pickaxe":2,"minecraft:white_wool":1,"minecraft:cobblestone":22,"minecraft:ender_pearl":3},"minecraft:killed_by":{"minecraft:player":1,"minecraft:skeleton":1,"minecraft:zombie":1},"minecraft:mined":{"minecraft:crafting_table":1,"minecraft:granite":1,"minecraft:tall_grass":11,"minecraft:iron_ore":1,"minecraft:grass":21,"minecraft:oak_log":6,"minecraft:coal_ore":22,"minecraft:stone":8,"minecraft:oak_leaves":3},"minecraft:custom":{"minecraft:mob_kills":155,"minecraft:interact_with_crafting_table":2,"minecraft:leave_game":22,"minecraft:time_since_death":38935,"minecraft:time_since_rest":38971,"minecraft:sprint_one_cm":128678,"minecraft:damage_absorbed":88,"minecraft:damage_taken":8832,"minecraft:walk_one_cm":253800,"minecraft:damage_blocked_by_shield":2120,"minecraft:drop":19,"minecraft:damage_dealt":16300,"minecraft:fly_one_cm":262126,"minecraft:open_chest":20,"minecraft:crouch_one_cm":1998,"minecraft:play_time":365224,"minecraft:deaths":4,"minecraft:sneak_time":529,"minecraft:walk_under_water_one_cm":2854,"minecraft:jump":1059,"minecraft:walk_on_water_one_cm":7106,"minecraft:total_world_time":365224,"minecraft:fall_one_cm":99250},"minecraft:killed":{"minecraft:spider":5,"minecraft:creeper":4,"minecraft:sheep":1,"minecraft:skeleton":9,"minecraft:zombie":95,"minecraft:enderman":2},"minecraft:crafted":{"minecraft:oak_planks":20,"minecraft:crafting_table":1,"minecraft:stick":12,"minecraft:stone_pickaxe":1}},"DataVersion":3465}