{"stats":{"minecraft:broken":{"minecraft:wooden_pickaxe":1},"minecraft:killed":{"minecraft:sheep":1,"minecraft:zombie":2},"minecraft:used":{"minecraft:oak_log":1,"minecraft:stone_pickaxe":41,"minecraft:wooden_pickaxe":32,"minecraft:stone":4,"minecraft:rotten_flesh":3,"minecraft:mutton":1,"minecraft:crafting_table":1,"minecraft:granite":1},"minecraft:mined":{"minecraft:iron_ore":1,"minecraft:crafting_table":1,"minecraft:granite":1,"minecraft:oak_log":1,"minecraft:coal_ore":22,"minecraft:tall_grass":3,"minecraft:stone":8},"minecraft:crafted":{"minecraft:oak_planks":20,"minecraft:crafting_table":1,"minecraft:stick":12,"minecraft:stone_pickaxe":1},"minecraft:custom":{"minecraft:time_since_rest":15010,"minecraft:sprint_one_cm":3636,"minecraft:damage_taken":215,"minecraft:walk_one_cm":18623,"minecraft:mob_kills":3,"minecraft:drop":1,"minecraft:damage_dealt":458,"minecraft:interact_with_crafting_table":2,"minecraft:fly_one_cm":25238,"minecraft:play_time":15010,"minecraft:jump":134,"minecraft:leave_game":2,"minecraft:time_since_death":15010,"minecraft:walk_on_water_one_cm":380,"minecraft:total_world_time":15010,"minecraft:fall_one_cm":3076},"minecraft:picked_up":{"minecraft:crafting_table":1,"minecraft:raw_iron":1,"minecraft:oak_log":1,"minecraft:rotten_flesh":3,"minecraft:wheat_seeds":1,"minecraft:granite":1,"minecraft:mutton":1,"minecraft:coal":19,"minecraft:white_wool":1,"minecraft:cobblestone":8},"minecraft:dropped":{"minecraft:wheat_seeds":1}},"DataVersion":3465}