{"stats":{"minecraft:killed_by":{"minecraft:player":1,"minecraft:skeleton":1},"minecraft:crafted":{"minecraft:oak_planks":20,"minecraft:crafting_table":1,"minecraft:stick":12,"minecraft:stone_pickaxe":1},"minecraft:custom":{"minecraft:time_since_rest":103061,"minecraft:sprint_one_cm":37499,"minecraft:damage_taken":831,"minecraft:walk_one_cm":78129,"minecraft:mob_kills":6,"minecraft:drop":2,"minecraft:damage_dealt":1097,"minecraft:interact_with_crafting_table":2,"minecraft:fly_one_cm":69170,"minecraft:open_chest":6,"minecraft:play_time":186705,"minecraft:deaths":2,"minecraft:sneak_time":6,"minecraft:jump":352,"minecraft:leave_game":18,"minecraft:walk_on_water_one_cm":380,"minecraft:time_since_death":102915,"minecraft:total_world_time":186705,"minecraft:fall_one_cm":4183},"minecraft:broken":{"minecraft:wooden_pickaxe":1},"minecraft:mined":{"minecraft:iron_ore":1,"minecraft:crafting_table":1,"minecraft:granite":1,"minecraft:grass":6,"minecraft:coal_ore":22,"minecraft:oak_log":6,"minecraft:tall_grass":6,"minecraft:stone":8,"minecraft:oak_leaves":3},"minecraft:dropped":{"minecraft:wheat_seeds":2},"minecraft:killed":{"minecraft:sheep":1,"minecraft:zombie":4,"minecraft:spider":1},"minecraft:picked_up":{"minecraft:crafting_table":1,"minecraft:raw_iron":1,"minecraft:diamond_sword":1,"minecraft:dandelion":4,"minecraft:potato":2,"minecraft:oak_log":11,"minecraft:carrot":2,"minecraft:dirt":26,"minecraft:diamond_shovel":1,"minecraft:arrow":16,"minecraft:diamond_chestplate":1,"minecraft:rotten_flesh":7,"minecraft:diamond":16,"minecraft:bow":1,"minecraft:wheat_seeds":2,"minecraft:diamond_leggings":1,"minecraft:diamond_boots":1,"minecraft:diamond_axe":1,"minecraft:iron_ingot":16,"minecraft:granite":1,"minecraft:golden_apple":2,"minecraft:gold_ingot":16,"minecraft:diamond_helmet":1,"minecraft:mutton":1,"minecraft:coal":19,"minecraft:white_wool":1,"minecraft:cobblestone":8,"minecraft:diamond_pickaxe":1},"minecraft:used":{"minecraft:oak_log":1,"minecraft:grass_block":45,"minecraft:stone_pickaxe":43,"minecraft:chest":2,"minecraft:wooden_pickaxe":32,"minecraft:stone":4,"minecraft:rotten_flesh":6,"minecraft:dirt":26,"minecraft:bow":5,"minecraft:mutton":1,"minecraft:crafting_table":1,"minecraft:granite":1}},"DataVersion":3465}