{"stats":{"minecraft:used":{"minecraft:oak_log":1,"minecraft:stone_pickaxe":43,"minecraft:wooden_pickaxe":32,"minecraft:stone":4,"minecraft:rotten_flesh":3,"minecraft:mutton":1,"minecraft:crafting_table":1,"minecraft:granite":1},"minecraft:dropped":{"minecraft:wheat_seeds":1},"minecraft:broken":{"minecraft:wooden_pickaxe":1},"minecraft:picked_up":{"minecraft:crafting_table":1,"minecraft:raw_iron":1,"minecraft:oak_log":1,"minecraft:rotten_flesh":3,"minecraft:wheat_seeds":1,"minecraft:granite":1,"minecraft:mutton":1,"minecraft:coal":19,"minecraft:white_wool":1,"minecraft:cobblestone":8},"minecraft:killed_by":{"minecraft:skeleton":1},"minecraft:mined":{"minecraft:iron_ore":1,"minecraft:crafting_table":1,"minecraft:granite":1,"minecraft:oak_log":1,"minecraft:coal_ore":22,"minecraft:tall_grass":3,"minecraft:stone":8},"minecraft:custom":{"minecraft:time_since_rest":5776,"minecraft:sprint_one_cm":4574,"minecraft:damage_taken":325,"minecraft:walk_one_cm":20139,"minecraft:mob_kills":3,"minecraft:drop":1,"minecraft:damage_dealt":487,"minecraft:interact_with_crafting_table":2,"minecraft:fly_one_cm":26838,"minecraft:play_time":27914,"minecraft:deaths":1,"minecraft:jump":145,"minecraft:leave_game":3,"minecraft:time_since_death":5741,"minecraft:walk_on_water_one_cm":380,"minecraft:total_world_time":27914,"minecraft:fall_one_cm":3076},"minecraft:crafted":{"minecraft:oak_planks":20,"minecraft:crafting_table":1,"minecraft:stick":12,"minecraft:stone_pickaxe":1},"minecraft:killed":{"minecraft:sheep":1,"minecraft:zombie":2}},"DataVersion":3465}