{"stats":{"minecraft:crafted":{"minecraft:oak_planks":20,"minecraft:crafting_table":1,"minecraft:stick":12,"minecraft:stone_pickaxe":1},"minecraft:dropped":{"minecraft:wheat_seeds":2},"minecraft:mined":{"minecraft:iron_ore":1,"minecraft:crafting_table":1,"minecraft:granite":1,"minecraft:grass":6,"minecraft:oak_log":6,"minecraft:coal_ore":22,"minecraft:tall_grass":6,"minecraft:stone":8,"minecraft:oak_leaves":3},"minecraft:picked_up":{"minecraft:crafting_table":1,"minecraft:raw_iron":1,"minecraft:dandelion":4,"minecraft:oak_log":11,"minecraft:dirt":26,"minecraft:rotten_flesh":7,"minecraft:wheat_seeds":2,"minecraft:granite":1,"minecraft:mutton":1,"minecraft:coal":19,"minecraft:white_wool":1,"minecraft:cobblestone":8},"minecraft:used":{"minecraft:oak_log":1,"minecraft:grass_block":45,"minecraft:stone_pickaxe":43,"minecraft:wooden_pickaxe":32,"minecraft:stone":4,"minecraft:rotten_flesh":6,"minecraft:dirt":26,"minecraft:mutton":1,"minecraft:crafting_table":1,"minecraft:granite":1},"minecraft:broken":{"minecraft:wooden_pickaxe":1},"minecraft:killed":{"minecraft:sheep":1,"minecraft:zombie":4},"minecraft:killed_by":{"minecraft:player":1,"minecraft:skeleton":1},"minecraft:custom":{"minecraft:time_since_rest":18897,"minecraft:sprint_one_cm":26603,"minecraft:damage_taken":831,"minecraft:walk_one_cm":58534,"minecraft:mob_kills":5,"minecraft:drop":2,"minecraft:damage_dealt":1002,"minecraft:interact_with_crafting_table":2,"minecraft:fly_one_cm":39701,"minecraft:play_time":102541,"minecraft:deaths":2,"minecraft:jump":254,"minecraft:leave_game":7,"minecraft:walk_on_water_one_cm":380,"minecraft:time_since_death":18751,"minecraft:total_world_time":102541,"minecraft:fall_one_cm":4183}},"DataVersion":3465}