{"stats":{"minecraft:crafted":{"minecraft:oak_planks":20,"minecraft:crafting_table":1,"minecraft:stick":12,"minecraft:stone_pickaxe":1},"minecraft:dropped":{"minecraft:wheat_seeds":2,"minecraft:stone_sword":1,"minecraft:wooden_axe":1,"minecraft:cooked_porkchop":4,"minecraft:chainmail_boots":1,"minecraft:wooden_shovel":1,"minecraft:barrier":1,"minecraft:wooden_sword":1,"minecraft:wooden_pickaxe":1,"minecraft:chainmail_leggings":1,"minecraft:chainmail_helmet":1,"minecraft:grass_block":1,"minecraft:chainmail_chestplate":1},"minecraft:mined":{"minecraft:iron_ore":1,"minecraft:crafting_table":1,"minecraft:granite":1,"minecraft:grass":6,"minecraft:coal_ore":22,"minecraft:oak_log":6,"minecraft:tall_grass":6,"minecraft:stone":8,"minecraft:oak_leaves":3},"minecraft:picked_up":{"minecraft:crafting_table":1,"minecraft:raw_iron":1,"minecraft:barrier":1,"minecraft:diamond_sword":2,"minecraft:dandelion":4,"minecraft:potato":4,"minecraft:oak_log":11,"minecraft:carrot":4,"minecraft:dirt":26,"minecraft:stone_sword":1,"minecraft:diamond_shovel":2,"minecraft:arrow":32,"minecraft:diamond_chestplate":2,"minecraft:rotten_flesh":7,"minecraft:diamond":32,"minecraft:bow":2,"minecraft:wheat_seeds":2,"minecraft:diamond_leggings":2,"minecraft:diamond_boots":2,"minecraft:diamond_axe":2,"minecraft:iron_ingot":32,"minecraft:granite":1,"minecraft:golden_apple":4,"minecraft:gold_ingot":32,"minecraft:diamond_helmet":2,"minecraft:mutton":1,"minecraft:coal":19,"minecraft:white_wool":1,"minecraft:cobblestone":8,"minecraft:diamond_pickaxe":2},"minecraft:used":{"minecraft:oak_log":1,"minecraft:grass_block":46,"minecraft:stone_pickaxe":43,"minecraft:chest":2,"minecraft:wooden_pickaxe":32,"minecraft:stone":4,"minecraft:rotten_flesh":6,"minecraft:dirt":26,"minecraft:bow":5,"minecraft:mutton":1,"minecraft:crafting_table":1,"minecraft:granite":1},"minecraft:broken":{"minecraft:wooden_pickaxe":1},"minecraft:killed":{"minecraft:sheep":1,"minecraft:zombie":4,"minecraft:spider":1,"minecraft:creeper":1},"minecraft:killed_by":{"minecraft:player":1,"minecraft:skeleton":1},"minecraft:custom":{"minecraft:time_since_rest":18186,"minecraft:sprint_one_cm":55675,"minecraft:damage_taken":981,"minecraft:walk_one_cm":106323,"minecraft:mob_kills":7,"minecraft:drop":17,"minecraft:damage_dealt":1394,"minecraft:interact_with_crafting_table":2,"minecraft:fly_one_cm":102922,"minecraft:open_chest":20,"minecraft:play_time":301393,"minecraft:deaths":3,"minecraft:sneak_time":20,"minecraft:jump":493,"minecraft:leave_game":20,"minecraft:walk_on_water_one_cm":380,"minecraft:time_since_death":18136,"minecraft:total_world_time":301393,"minecraft:fall_one_cm":6124}},"DataVersion":3465}