{"stats":{"minecraft:used":{"minecraft:water_bucket":16,"minecraft:stone_pickaxe":43,"minecraft:shield":20,"minecraft:chest":2,"minecraft:wooden_pickaxe":32,"minecraft:stone":4,"minecraft:zombie_spawn_egg":46,"minecraft:rotten_flesh":6,"minecraft:dirt":26,"minecraft:mutton":1,"minecraft:crafting_table":1,"minecraft:granite":1,"minecraft:oak_log":1,"minecraft:grass_block":47,"minecraft:totem_of_undying":3,"minecraft:diamond_sword":132,"minecraft:bow":45,"minecraft:bucket":16,"minecraft:cooked_beef":8},"minecraft:dropped":{"minecraft:wheat_seeds":2,"minecraft:stone_sword":1,"minecraft:cooked_porkchop":4,"minecraft:barrier":1,"minecraft:chainmail_helmet":1,"minecraft:grass_block":1,"minecraft:chainmail_chestplate":1,"minecraft:wooden_axe":1,"minecraft:wooden_shovel":1,"minecraft:chainmail_boots":1,"minecraft:wooden_sword":1,"minecraft:wooden_pickaxe":1,"minecraft:chainmail_leggings":1},"minecraft:broken":{"minecraft:wooden_pickaxe":1},"minecraft:picked_up":{"minecraft:crafting_table":1,"minecraft:barrier":1,"minecraft:diamond_sword":2,"minecraft:potato":4,"minecraft:oak_log":11,"minecraft:gunpowder":1,"minecraft:dirt":26,"minecraft:bone":6,"minecraft:bow":5,"minecraft:wheat_seeds":3,"minecraft:diamond_leggings":2,"minecraft:iron_ingot":33,"minecraft:diamond_helmet":2,"minecraft:raw_iron":1,"minecraft:dandelion":4,"minecraft:grass_block":1,"minecraft:carrot":4,"minecraft:rotten_flesh":27,"minecraft:stone_sword":1,"minecraft:diamond_shovel":2,"minecraft:arrow":35,"minecraft:diamond_chestplate":2,"minecraft:diamond":32,"minecraft:diamond_boots":2,"minecraft:granite":1,"minecraft:diamond_axe":2,"minecraft:golden_apple":4,"minecraft:gold_ingot":32,"minecraft:mutton":1,"minecraft:coal":19,"minecraft:ender_pearl":1,"minecraft:white_wool":1,"minecraft:cobblestone":8,"minecraft:diamond_pickaxe":2},"minecraft:killed_by":{"minecraft:player":1,"minecraft:skeleton":1},"minecraft:mined":{"minecraft:crafting_table":1,"minecraft:granite":1,"minecraft:tall_grass":11,"minecraft:iron_ore":1,"minecraft:grass":21,"minecraft:coal_ore":22,"minecraft:oak_log":6,"minecraft:stone":8,"minecraft:oak_leaves":3},"minecraft:custom":{"minecraft:mob_kills":87,"minecraft:interact_with_crafting_table":2,"minecraft:leave_game":21,"minecraft:time_since_death":37040,"minecraft:time_since_rest":37090,"minecraft:sprint_one_cm":99414,"minecraft:damage_absorbed":7,"minecraft:damage_taken":2843,"minecraft:walk_one_cm":181397,"minecraft:damage_blocked_by_shield":580,"minecraft:drop":17,"minecraft:damage_dealt":8404,"minecraft:fly_one_cm":182940,"minecraft:open_chest":20,"minecraft:crouch_one_cm":1710,"minecraft:play_time":320297,"minecraft:deaths":3,"minecraft:sneak_time":400,"minecraft:walk_under_water_one_cm":137,"minecraft:jump":819,"minecraft:walk_on_water_one_cm":1908,"minecraft:total_world_time":320297,"minecraft:fall_one_cm":26394},"minecraft:killed":{"minecraft:spider":3,"minecraft:creeper":2,"minecraft:sheep":1,"minecraft:skeleton":8,"minecraft:zombie":34,"minecraft:enderman":1},"minecraft:crafted":{"minecraft:oak_planks":20,"minecraft:crafting_table":1,"minecraft:stick":12,"minecraft:stone_pickaxe":1}},"DataVersion":3465}