{"stats":{"minecraft:used":{"minecraft:oak_log":1,"minecraft:grass_block":3,"minecraft:stone_pickaxe":43,"minecraft:wooden_pickaxe":32,"minecraft:stone":4,"minecraft:rotten_flesh":5,"minecraft:mutton":1,"minecraft:crafting_table":1,"minecraft:granite":1},"minecraft:dropped":{"minecraft:wheat_seeds":1},"minecraft:broken":{"minecraft:wooden_pickaxe":1},"minecraft:picked_up":{"minecraft:crafting_table":1,"minecraft:raw_iron":1,"minecraft:oak_log":11,"minecraft:dirt":16,"minecraft:rotten_flesh":7,"minecraft:wheat_seeds":1,"minecraft:granite":1,"minecraft:mutton":1,"minecraft:coal":19,"minecraft:white_wool":1,"minecraft:cobblestone":8},"minecraft:killed_by":{"minecraft:player":1,"minecraft:skeleton":1},"minecraft:mined":{"minecraft:iron_ore":1,"minecraft:crafting_table":1,"minecraft:granite":1,"minecraft:grass":2,"minecraft:oak_log":6,"minecraft:coal_ore":22,"minecraft:tall_grass":6,"minecraft:stone":8,"minecraft:oak_leaves":3},"minecraft:custom":{"minecraft:time_since_rest":5770,"minecraft:sprint_one_cm":16981,"minecraft:damage_taken":731,"minecraft:walk_one_cm":48687,"minecraft:mob_kills":5,"minecraft:drop":1,"minecraft:damage_dealt":1002,"minecraft:interact_with_crafting_table":2,"minecraft:fly_one_cm":35702,"minecraft:play_time":89414,"minecraft:deaths":2,"minecraft:jump":222,"minecraft:leave_game":6,"minecraft:walk_on_water_one_cm":380,"minecraft:time_since_death":5624,"minecraft:total_world_time":89414,"minecraft:fall_one_cm":4183},"minecraft:crafted":{"minecraft:oak_planks":20,"minecraft:crafting_table":1,"minecraft:stick":12,"minecraft:stone_pickaxe":1},"minecraft:killed":{"minecraft:sheep":1,"minecraft:zombie":4}},"DataVersion":3465}