{"stats":{"minecraft:killed":{"minecraft:skeleton":1},"minecraft:custom":{"minecraft:time_since_rest":92253,"minecraft:open_chest":1,"minecraft:crouch_one_cm":105,"minecraft:play_time":141210,"minecraft:sprint_one_cm":48259,"minecraft:deaths":13,"minecraft:damage_taken":4321,"minecraft:walk_one_cm":52907,"minecraft:sneak_time":683,"minecraft:walk_under_water_one_cm":317,"minecraft:mob_kills":1,"minecraft:drop":5,"minecraft:jump":244,"minecraft:damage_dealt":200,"minecraft:leave_game":16,"minecraft:walk_on_water_one_cm":2002,"minecraft:time_since_death":92227,"minecraft:climb_one_cm":2401,"minecraft:total_world_time":141210,"minecraft:fall_one_cm":45754,"minecraft:fly_one_cm":414711},"minecraft:dropped":{"minecraft:poppy":1,"minecraft:stone_bricks":1,"minecraft:arrow":2,"minecraft:mossy_stone_bricks":1},"minecraft:used":{"minecraft:stone_bricks":1,"minecraft:black_wool":32,"minecraft:poppy":1,"minecraft:smooth_stone_slab":1,"minecraft:spruce_log":1},"minecraft:picked_up":{"minecraft:smooth_stone_slab":1,"minecraft:arrow":4}},"DataVersion":3953}