{"stats":{"minecraft:dropped":{"minecraft:diamond_sword":1,"minecraft:rotten_flesh":1,"minecraft:iron_ingot":16,"minecraft:potato":2,"minecraft:diamond_boots":1,"minecraft:diamond_shovel":1,"minecraft:arrow":16,"minecraft:bow":1,"minecraft:diamond_axe":1,"minecraft:oak_log":5,"minecraft:diamond_chestplate":1,"minecraft:diamond_pickaxe":1,"minecraft:diamond":16,"minecraft:carrot":2,"minecraft:golden_apple":2,"minecraft:diamond_leggings":1,"minecraft:diamond_helmet":1,"minecraft:gold_ingot":16},"minecraft:picked_up":{"minecraft:rotten_flesh":1,"minecraft:oak_log":5,"minecraft:dirt":17},"minecraft:mined":{"minecraft:grass":2},"minecraft:used":{"minecraft:grass_block":51},"minecraft:custom":{"minecraft:time_since_rest":110751,"minecraft:play_time":110751,"minecraft:sprint_one_cm":2290,"minecraft:damage_taken":235,"minecraft:walk_one_cm":21955,"minecraft:drop":19,"minecraft:jump":46,"minecraft:damage_dealt":185,"minecraft:leave_game":7,"minecraft:time_since_death":110751,"minecraft:total_world_time":110751,"minecraft:fall_one_cm":420,"minecraft:fly_one_cm":4095,"minecraft:player_kills":1}},"DataVersion":3465}