{"stats":{"minecraft:dropped":{"minecraft:rotten_flesh":1,"minecraft:oak_log":5},"minecraft:picked_up":{"minecraft:oak_log":5,"minecraft:rotten_flesh":1,"minecraft:dirt":17},"minecraft:mined":{"minecraft:grass":2},"minecraft:used":{"minecraft:grass_block":51},"minecraft:custom":{"minecraft:jump":42,"minecraft:time_since_rest":34425,"minecraft:damage_dealt":185,"minecraft:leave_game":2,"minecraft:sprint_one_cm":1880,"minecraft:play_time":34425,"minecraft:damage_taken":235,"minecraft:time_since_death":34425,"minecraft:walk_one_cm":14597,"minecraft:total_world_time":34425,"minecraft:drop":2,"minecraft:fall_one_cm":420,"minecraft:fly_one_cm":4095,"minecraft:player_kills":1}},"DataVersion":3465}