{"stats":{"minecraft:dropped":{"minecraft:rotten_flesh":1,"minecraft:oak_log":5},"minecraft:picked_up":{"minecraft:oak_log":5,"minecraft:rotten_flesh":1},"minecraft:mined":{"minecraft:grass":2},"minecraft:custom":{"minecraft:jump":31,"minecraft:time_since_rest":16425,"minecraft:damage_dealt":185,"minecraft:sprint_one_cm":1880,"minecraft:leave_game":2,"minecraft:play_time":16425,"minecraft:damage_taken":125,"minecraft:time_since_death":16425,"minecraft:walk_one_cm":10856,"minecraft:total_world_time":16425,"minecraft:drop":2,"minecraft:fall_one_cm":420,"minecraft:fly_one_cm":3992,"minecraft:player_kills":1}},"DataVersion":3465}