{"stats":{"minecraft:custom":{"minecraft:jump":43,"minecraft:time_since_rest":69237,"minecraft:damage_dealt":185,"minecraft:leave_game":6,"minecraft:sprint_one_cm":2290,"minecraft:play_time":69237,"minecraft:damage_taken":235,"minecraft:time_since_death":69237,"minecraft:walk_one_cm":17574,"minecraft:total_world_time":69237,"minecraft:drop":2,"minecraft:player_kills":1,"minecraft:fall_one_cm":420,"minecraft:fly_one_cm":4095},"minecraft:mined":{"minecraft:grass":2},"minecraft:dropped":{"minecraft:rotten_flesh":1,"minecraft:oak_log":5},"minecraft:used":{"minecraft:grass_block":51},"minecraft:picked_up":{"minecraft:oak_log":5,"minecraft:rotten_flesh":1,"minecraft:dirt":17}},"DataVersion":3465}