{"stat.useItem.6":17,"stat.useItem.18":18,"stat.useItem.35":46,"stat.useItem.7":39,"stat.fallOneCm":445091,"stat.playerKills":23,"achievement.openInventory":21,"stat.useItem.145":124,"stat.jump":373,"achievement.exploreAllBiomes":{"value":0,"progress":["Plains"]},"stat.mobKills":1,"stat.useItem.3":141,"stat.damageTaken":45375,"stat.useItem.284":12,"stat.deaths":59,"stat.damageDealt":2855,"stat.useItem.101":3,"stat.mineBlock.79":5,"stat.drop":2,"stat.useItem.159":16,"stat.flyOneCm":579215,"stat.leaveGame":2,"stat.useItem.98":89,"stat.useItem.276":14,"stat.swimOneCm":20274,"stat.walkOneCm":116732,"stat.diveOneCm":1456,"stat.useItem.351":325,"stat.useItem.41":26,"stat.playOneMinute":74712}