{"stat.useItem.6":3,"stat.useItem.18":21,"stat.useItem.35":108,"stat.useItem.17":145,"stat.useItem.324":9,"stat.fallOneCm":3030,"stat.useItem.85":22,"achievement.openInventory":34,"stat.useItem.145":13,"stat.jump":256,"achievement.exploreAllBiomes":{"value":0,"progress":["Plains"]},"stat.killEntity.Skeleton":1,"stat.mobKills":4,"stat.useItem.3":48,"stat.damageTaken":280,"stat.useItem.5":1,"stat.deaths":1,"stat.climbOneCm":1156,"stat.useItem.271":3,"stat.useItem.50":11,"stat.damageDealt":574,"stat.useItem.126":12,"stat.useItem.30":1,"stat.useItem.12":97,"stat.useItem.31":33,"stat.useItem.101":1,"stat.useItem.102":4,"stat.useItem.259":2,"stat.useItem.24":498,"stat.flyOneCm":1253426,"stat.useItem.134":5,"stat.leaveGame":2,"stat.useItem.98":1,"stat.useItem.138":21,"stat.diveOneCm":2614,"stat.swimOneCm":34926,"stat.walkOneCm":103638,"stat.useItem.351":14,"stat.useItem.44":1,"stat.useItem.65":2,"stat.useItem.114":3,"stat.useItem.161":1,"stat.playOneMinute":111190,"stat.useItem.20":3}