{"stat.useItem.18":780,"stat.useItem.17":658,"stat.useItem.143":58,"stat.fallOneCm":5559,"stat.playerKills":11,"achievement.openInventory":136,"stat.useItem.145":421,"stat.jump":905,"achievement.exploreAllBiomes":{"value":0,"progress":["Plains"]},"stat.damageTaken":9280,"stat.useItem.3":65,"stat.useItem.58":4,"stat.useItem.4":277,"stat.useItem.5":10,"stat.useItem.54":2,"stat.useItem.53":579,"stat.climbOneCm":5574,"stat.useItem.109":218,"stat.useItem.389":2,"stat.damageDealt":7315,"stat.useItem.101":190,"stat.drop":72,"stat.leaveGame":7,"stat.useItem.331":6,"stat.diveOneCm":67,"stat.useItem.276":78,"stat.walkOneCm":405114,"stat.swimOneCm":1710,"stat.useItem.44":389,"stat.useItem.41":140,"stat.useItem.35":1366,"stat.useItem.38":69,"stat.useItem.324":1,"stat.useItem.85":272,"stat.useItem.89":50,"stat.mobKills":2,"stat.useItem.76":3,"stat.useItem.77":24,"stat.useItem.126":530,"stat.useItem.33":1,"stat.mineBlock.79":2,"stat.useItem.259":106,"stat.useItem.156":28,"stat.useItem.159":292,"stat.useItem.24":42,"stat.flyOneCm":2207411,"stat.useItem.152":4,"stat.useItem.29":8,"stat.useItem.155":3,"stat.useItem.98":2506,"stat.killEntity.Slime":1,"stat.useItem.355":2,"stat.useItem.69":16,"stat.useItem.351":3,"stat.useItem.67":81,"stat.useItem.65":25,"stat.useItem.114":25,"stat.playOneMinute":867610}