{"stat.useItem.7":25,"stat.useItem.35":144,"stat.useItem.85":1,"stat.fallOneCm":257130,"stat.useItem.323":1,"stat.playerKills":6,"achievement.openInventory":83,"stat.useItem.145":1,"stat.jump":502,"achievement.exploreAllBiomes":{"value":0,"progress":["Plains"]},"stat.killEntity.Cow":1,"stat.mobKills":5,"stat.useItem.57":3,"stat.useItem.3":170,"stat.damageTaken":89360,"stat.useItem.54":2,"stat.deaths":50,"stat.killEntity.Chicken":1,"stat.useItem.385":4,"stat.useItem.53":151,"stat.climbOneCm":2237,"stat.useItem.383":3,"stat.damageDealt":3885,"stat.useItem.101":4,"stat.drop":19,"stat.useItem.133":1,"stat.useItem.152":3,"stat.flyOneCm":318327,"stat.useItem.29":13,"stat.leaveGame":3,"stat.mineBlock.3":10,"stat.useItem.98":8,"stat.useItem.356":10,"stat.useItem.331":25,"stat.killEntity.Pig":1,"stat.diveOneCm":10487,"stat.swimOneCm":19244,"stat.walkOneCm":162762,"stat.useItem.276":37,"stat.useItem.47":44,"stat.killEntity.EntityHorse":1,"stat.useItem.44":8,"stat.useItem.61":1,"stat.horseOneCm":44006,"stat.useItem.116":2,"stat.useItem.404":3,"stat.playOneMinute":73468}